"","query_seqname","query_start","mismatches","count","Proteome ID","PLength"
"1","tr|Q5Y0P4|Q5Y0P4_9ALPH",353,3,2,"UP000137988",630
"2","tr|Q8QMS8|Q8QMS8_CWPXB",34,1,2,"UP000152733",192
"3","tr|Q8QMS8|Q8QMS8_CWPXB",34,2,2,"UP000152733",192
"4","tr|Q8QMS8|Q8QMS8_CWPXB",34,3,6,"UP000152733",192
"5","tr|Q8QMS8|Q8QMS8_CWPXB",35,2,4,"UP000152733",192
"6","tr|Q8QMS8|Q8QMS8_CWPXB",35,3,5,"UP000152733",192
"7","tr|Q8QMS8|Q8QMS8_CWPXB",36,2,4,"UP000152733",192
"8","tr|Q8QMS8|Q8QMS8_CWPXB",36,3,5,"UP000152733",192
"9","tr|Q8QMS8|Q8QMS8_CWPXB",37,2,4,"UP000152733",192
"10","tr|Q8QMS8|Q8QMS8_CWPXB",37,3,5,"UP000152733",192
"11","tr|Q8QMS8|Q8QMS8_CWPXB",38,2,4,"UP000152733",192
"12","tr|Q8QMS8|Q8QMS8_CWPXB",38,3,5,"UP000152733",192
"13","tr|Q8QMS8|Q8QMS8_CWPXB",39,2,4,"UP000152733",192
"14","tr|Q8QMS8|Q8QMS8_CWPXB",39,3,5,"UP000152733",192
"15","tr|Q8QMS8|Q8QMS8_CWPXB",40,2,4,"UP000152733",192
"16","tr|Q8QMS8|Q8QMS8_CWPXB",40,3,5,"UP000152733",192
"17","tr|Q8QMS8|Q8QMS8_CWPXB",41,2,4,"UP000152733",192
"18","tr|Q8QMS8|Q8QMS8_CWPXB",41,3,5,"UP000152733",192
"19","tr|Q8QMS8|Q8QMS8_CWPXB",42,2,4,"UP000152733",192
"20","tr|Q8QMS8|Q8QMS8_CWPXB",42,3,5,"UP000152733",192
"21","tr|Q8QMS8|Q8QMS8_CWPXB",43,2,4,"UP000152733",192
"22","tr|Q8QMS8|Q8QMS8_CWPXB",43,3,5,"UP000152733",192
"23","tr|Q8QMS8|Q8QMS8_CWPXB",44,2,4,"UP000152733",192
"24","tr|Q8QMS8|Q8QMS8_CWPXB",44,3,5,"UP000152733",192
"25","tr|Q8QMS8|Q8QMS8_CWPXB",45,2,4,"UP000152733",192
"26","tr|Q8QMS8|Q8QMS8_CWPXB",45,3,5,"UP000152733",192
"27","tr|Q8QMS8|Q8QMS8_CWPXB",46,1,1,"UP000152733",192
"28","tr|Q8QMS8|Q8QMS8_CWPXB",46,2,2,"UP000152733",192
"29","tr|Q8QMS8|Q8QMS8_CWPXB",46,3,4,"UP000152733",192
"30","tr|Q8QMS8|Q8QMS8_CWPXB",47,1,1,"UP000152733",192
"31","tr|Q8QMS8|Q8QMS8_CWPXB",47,2,1,"UP000152733",192
"32","tr|Q8QMS8|Q8QMS8_CWPXB",47,3,3,"UP000152733",192
"33","tr|Q8QMY6|Q8QMY6_CWPXB",272,3,1,"UP000152733",771
"34","tr|Q8QMY6|Q8QMY6_CWPXB",273,2,1,"UP000152733",771
"35","tr|Q8QMY6|Q8QMY6_CWPXB",274,1,1,"UP000152733",771
"36","tr|Q8QMY6|Q8QMY6_CWPXB",525,2,1,"UP000152733",771
"37","tr|Q8QMY6|Q8QMY6_CWPXB",526,1,1,"UP000152733",771
"38","tr|Q8QMY6|Q8QMY6_CWPXB",527,2,1,"UP000152733",771
"39","tr|Q8QMY6|Q8QMY6_CWPXB",692,2,1,"UP000152733",771
"40","tr|Q8QMY6|Q8QMY6_CWPXB",693,2,1,"UP000152733",771
"41","tr|Q8QMY6|Q8QMY6_CWPXB",707,3,1,"UP000152733",771
"42","tr|Q8QMY6|Q8QMY6_CWPXB",708,3,1,"UP000152733",771
"43","tr|Q8QMY6|Q8QMY6_CWPXB",709,3,1,"UP000152733",771
"44","tr|Q8QMY6|Q8QMY6_CWPXB",729,3,1,"UP000152733",771
"45","tr|Q8QMY6|Q8QMY6_CWPXB",730,3,1,"UP000152733",771
"46","tr|Q8QMY6|Q8QMY6_CWPXB",731,3,1,"UP000152733",771
"47","tr|Q8QMY6|Q8QMY6_CWPXB",732,3,1,"UP000152733",771
"48","tr|Q8QMY6|Q8QMY6_CWPXB",733,3,1,"UP000152733",771
"49","tr|Q8QN14|Q8QN14_CWPXB",87,3,1,"UP000152733",333
"50","tr|Q8QN14|Q8QN14_CWPXB",88,3,1,"UP000152733",333
"51","tr|Q8QN14|Q8QN14_CWPXB",135,3,1,"UP000152733",333
"52","tr|Q8QN14|Q8QN14_CWPXB",136,3,1,"UP000152733",333
"53","tr|Q8QN14|Q8QN14_CWPXB",143,2,1,"UP000152733",333
"54","tr|Q8QN14|Q8QN14_CWPXB",144,3,1,"UP000152733",333
"55","sp|P03211|EBNA1_EBVB9",95,3,1,"UP000153037",641
"56","sp|P03211|EBNA1_EBVB9",105,3,1,"UP000153037",641
"57","sp|P03211|EBNA1_EBVB9",106,3,1,"UP000153037",641
"58","sp|P03211|EBNA1_EBVB9",107,3,1,"UP000153037",641
"59","sp|P03211|EBNA1_EBVB9",108,3,1,"UP000153037",641
"60","sp|P03211|EBNA1_EBVB9",110,3,1,"UP000153037",641
"61","sp|P03211|EBNA1_EBVB9",112,3,2,"UP000153037",641
"62","sp|P03211|EBNA1_EBVB9",113,3,1,"UP000153037",641
"63","sp|P03211|EBNA1_EBVB9",114,3,1,"UP000153037",641
"64","sp|P03211|EBNA1_EBVB9",118,3,1,"UP000153037",641
"65","sp|P03211|EBNA1_EBVB9",126,3,1,"UP000153037",641
"66","sp|P03211|EBNA1_EBVB9",127,3,1,"UP000153037",641
"67","sp|P03211|EBNA1_EBVB9",128,3,1,"UP000153037",641
"68","sp|P03211|EBNA1_EBVB9",129,3,1,"UP000153037",641
"69","sp|P03211|EBNA1_EBVB9",130,3,1,"UP000153037",641
"70","sp|P03211|EBNA1_EBVB9",131,3,1,"UP000153037",641
"71","sp|P03211|EBNA1_EBVB9",136,3,1,"UP000153037",641
"72","sp|P03211|EBNA1_EBVB9",145,3,1,"UP000153037",641
"73","sp|P03211|EBNA1_EBVB9",147,3,1,"UP000153037",641
"74","sp|P03211|EBNA1_EBVB9",150,3,1,"UP000153037",641
"75","sp|P03211|EBNA1_EBVB9",151,3,1,"UP000153037",641
"76","sp|P03211|EBNA1_EBVB9",155,3,1,"UP000153037",641
"77","sp|P03211|EBNA1_EBVB9",156,3,1,"UP000153037",641
"78","sp|P03211|EBNA1_EBVB9",157,3,1,"UP000153037",641
"79","sp|P03211|EBNA1_EBVB9",158,3,1,"UP000153037",641
"80","sp|P03211|EBNA1_EBVB9",163,3,1,"UP000153037",641
"81","sp|P03211|EBNA1_EBVB9",172,3,1,"UP000153037",641
"82","sp|P03211|EBNA1_EBVB9",174,3,1,"UP000153037",641
"83","sp|P03211|EBNA1_EBVB9",177,3,1,"UP000153037",641
"84","sp|P03211|EBNA1_EBVB9",178,3,1,"UP000153037",641
"85","sp|P03211|EBNA1_EBVB9",182,3,1,"UP000153037",641
"86","sp|P03211|EBNA1_EBVB9",183,3,1,"UP000153037",641
"87","sp|P03211|EBNA1_EBVB9",184,3,1,"UP000153037",641
"88","sp|P03211|EBNA1_EBVB9",185,3,1,"UP000153037",641
"89","sp|P03211|EBNA1_EBVB9",191,3,1,"UP000153037",641
"90","sp|P03211|EBNA1_EBVB9",197,3,1,"UP000153037",641
"91","sp|P03211|EBNA1_EBVB9",199,3,2,"UP000153037",641
"92","sp|P03211|EBNA1_EBVB9",203,3,1,"UP000153037",641
"93","sp|P03211|EBNA1_EBVB9",204,3,1,"UP000153037",641
"94","sp|P03211|EBNA1_EBVB9",205,3,1,"UP000153037",641
"95","sp|P03211|EBNA1_EBVB9",216,3,1,"UP000153037",641
"96","sp|P03211|EBNA1_EBVB9",217,3,1,"UP000153037",641
"97","sp|P03211|EBNA1_EBVB9",221,3,1,"UP000153037",641
"98","sp|P03211|EBNA1_EBVB9",222,3,1,"UP000153037",641
"99","sp|P03211|EBNA1_EBVB9",262,3,1,"UP000153037",641
"100","sp|P03211|EBNA1_EBVB9",263,3,1,"UP000153037",641
"101","sp|P03211|EBNA1_EBVB9",264,3,2,"UP000153037",641
"102","sp|P03211|EBNA1_EBVB9",265,3,1,"UP000153037",641
"103","sp|P03211|EBNA1_EBVB9",266,3,1,"UP000153037",641
"104","sp|P03211|EBNA1_EBVB9",268,3,1,"UP000153037",641
"105","sp|P03211|EBNA1_EBVB9",271,3,1,"UP000153037",641
"106","sp|P03211|EBNA1_EBVB9",272,3,1,"UP000153037",641
"107","sp|P03211|EBNA1_EBVB9",273,3,2,"UP000153037",641
"108","sp|P03211|EBNA1_EBVB9",274,3,1,"UP000153037",641
"109","sp|P03211|EBNA1_EBVB9",276,3,1,"UP000153037",641
"110","sp|P03211|EBNA1_EBVB9",306,3,1,"UP000153037",641
"111","sp|P03211|EBNA1_EBVB9",307,3,1,"UP000153037",641
"112","sp|P03211|EBNA1_EBVB9",308,3,1,"UP000153037",641
"113","sp|P03211|EBNA1_EBVB9",309,3,1,"UP000153037",641
"114","sp|P12978|EBNA2_EBVB9",341,3,4,"UP000153037",487
"115","tr|Q0GP13|Q0GP13_HSPV",66,3,1,"UP000111173",440
"116","tr|Q0GP13|Q0GP13_HSPV",67,2,1,"UP000111173",440
"117","tr|Q0GP13|Q0GP13_HSPV",68,1,1,"UP000111173",440
"118","tr|Q0GP14|Q0GP14_HSPV",16,3,1,"UP000111173",80
"119","tr|Q0GP14|Q0GP14_HSPV",17,3,1,"UP000111173",80
"120","tr|Q0GP14|Q0GP14_HSPV",18,3,1,"UP000111173",80
"121","tr|Q0GP44|Q0GP44_HSPV",73,3,1,"UP000111173",319
"122","tr|Q0GP44|Q0GP44_HSPV",74,3,1,"UP000111173",319
"123","tr|Q0GP44|Q0GP44_HSPV",121,3,1,"UP000111173",319
"124","tr|Q0GP44|Q0GP44_HSPV",122,3,1,"UP000111173",319
"125","tr|Q0GP44|Q0GP44_HSPV",129,2,1,"UP000111173",319
"126","tr|Q0GP44|Q0GP44_HSPV",130,3,1,"UP000111173",319
"127","sp|P03277|CAPSH_ADE02",145,3,2,"UP000008167",968
"128","sp|P03277|CAPSH_ADE02",146,3,2,"UP000008167",968
"129","sp|P03277|CAPSH_ADE02",147,3,1,"UP000008167",968
"130","sp|Q6SW37|EP84_HCMVM",204,3,3,"UP000000938",684
"131","sp|Q6SW48|UL95_HCMVM",380,3,2,"UP000000938",533
"132","sp|Q6SW48|UL95_HCMVM",381,3,2,"UP000000938",533
"133","sp|Q6SW48|UL95_HCMVM",382,3,4,"UP000000938",533
"134","sp|P10220|LTP_HHV11",2913,1,1,"UP000009294",3164
"135","sp|P10220|LTP_HHV11",2913,2,2,"UP000009294",3164
"136","sp|P10220|LTP_HHV11",2913,3,3,"UP000009294",3164
"137","sp|P10220|LTP_HHV11",2914,1,1,"UP000009294",3164
"138","sp|P10220|LTP_HHV11",2914,2,2,"UP000009294",3164
"139","sp|P10220|LTP_HHV11",2914,3,3,"UP000009294",3164
"140","sp|P10220|LTP_HHV11",2915,1,1,"UP000009294",3164
"141","sp|P10220|LTP_HHV11",2915,2,2,"UP000009294",3164
"142","sp|P10220|LTP_HHV11",2915,3,3,"UP000009294",3164
"143","sp|P10220|LTP_HHV11",2916,1,1,"UP000009294",3164
"144","sp|P10220|LTP_HHV11",2916,2,2,"UP000009294",3164
"145","sp|P10220|LTP_HHV11",2916,3,3,"UP000009294",3164
"146","sp|P10220|LTP_HHV11",2917,1,1,"UP000009294",3164
"147","sp|P10220|LTP_HHV11",2917,2,2,"UP000009294",3164
"148","sp|P10220|LTP_HHV11",2917,3,3,"UP000009294",3164
"149","sp|P10220|LTP_HHV11",2918,1,1,"UP000009294",3164
"150","sp|P10220|LTP_HHV11",2918,2,2,"UP000009294",3164
"151","sp|P10220|LTP_HHV11",2918,3,3,"UP000009294",3164
"152","sp|P10220|LTP_HHV11",2919,1,1,"UP000009294",3164
"153","sp|P10220|LTP_HHV11",2919,2,2,"UP000009294",3164
"154","sp|P10220|LTP_HHV11",2919,3,3,"UP000009294",3164
"155","sp|P10220|LTP_HHV11",2920,1,1,"UP000009294",3164
"156","sp|P10220|LTP_HHV11",2920,2,2,"UP000009294",3164
"157","sp|P10220|LTP_HHV11",2920,3,3,"UP000009294",3164
"158","sp|P10220|LTP_HHV11",2921,1,1,"UP000009294",3164
"159","sp|P10220|LTP_HHV11",2921,2,2,"UP000009294",3164
"160","sp|P10220|LTP_HHV11",2921,3,3,"UP000009294",3164
"161","sp|P10220|LTP_HHV11",2922,1,1,"UP000009294",3164
"162","sp|P10220|LTP_HHV11",2922,2,2,"UP000009294",3164
"163","sp|P10220|LTP_HHV11",2922,3,3,"UP000009294",3164
"164","sp|P10220|LTP_HHV11",2923,1,1,"UP000009294",3164
"165","sp|P10220|LTP_HHV11",2923,2,2,"UP000009294",3164
"166","sp|P10220|LTP_HHV11",2923,3,3,"UP000009294",3164
"167","sp|P10220|LTP_HHV11",2924,1,1,"UP000009294",3164
"168","sp|P10220|LTP_HHV11",2924,2,2,"UP000009294",3164
"169","sp|P10220|LTP_HHV11",2924,3,3,"UP000009294",3164
"170","sp|P10220|LTP_HHV11",2925,1,1,"UP000009294",3164
"171","sp|P10220|LTP_HHV11",2925,2,2,"UP000009294",3164
"172","sp|P10220|LTP_HHV11",2925,3,3,"UP000009294",3164
"173","sp|P10220|LTP_HHV11",2926,1,1,"UP000009294",3164
"174","sp|P10220|LTP_HHV11",2926,2,2,"UP000009294",3164
"175","sp|P10220|LTP_HHV11",2926,3,3,"UP000009294",3164
"176","sp|P10220|LTP_HHV11",2927,1,1,"UP000009294",3164
"177","sp|P10220|LTP_HHV11",2927,2,2,"UP000009294",3164
"178","sp|P10220|LTP_HHV11",2927,3,3,"UP000009294",3164
"179","sp|P10220|LTP_HHV11",2928,1,1,"UP000009294",3164
"180","sp|P10220|LTP_HHV11",2928,2,2,"UP000009294",3164
"181","sp|P10220|LTP_HHV11",2928,3,3,"UP000009294",3164
"182","sp|P10220|LTP_HHV11",2929,1,1,"UP000009294",3164
"183","sp|P10220|LTP_HHV11",2929,2,2,"UP000009294",3164
"184","sp|P10220|LTP_HHV11",2929,3,3,"UP000009294",3164
"185","sp|P10220|LTP_HHV11",2930,1,1,"UP000009294",3164
"186","sp|P10220|LTP_HHV11",2930,2,2,"UP000009294",3164
"187","sp|P10220|LTP_HHV11",2930,3,3,"UP000009294",3164
"188","sp|P10220|LTP_HHV11",2931,1,1,"UP000009294",3164
"189","sp|P10220|LTP_HHV11",2931,2,2,"UP000009294",3164
"190","sp|P10220|LTP_HHV11",2931,3,3,"UP000009294",3164
"191","sp|P10220|LTP_HHV11",2932,1,1,"UP000009294",3164
"192","sp|P10220|LTP_HHV11",2932,2,2,"UP000009294",3164
"193","sp|P10220|LTP_HHV11",2932,3,3,"UP000009294",3164
"194","sp|P10220|LTP_HHV11",2933,1,1,"UP000009294",3164
"195","sp|P10220|LTP_HHV11",2933,2,2,"UP000009294",3164
"196","sp|P10220|LTP_HHV11",2933,3,3,"UP000009294",3164
"197","sp|P10220|LTP_HHV11",2934,1,1,"UP000009294",3164
"198","sp|P10220|LTP_HHV11",2934,2,2,"UP000009294",3164
"199","sp|P10220|LTP_HHV11",2934,3,3,"UP000009294",3164
"200","sp|P10220|LTP_HHV11",2935,1,1,"UP000009294",3164
"201","sp|P10220|LTP_HHV11",2935,2,2,"UP000009294",3164
"202","sp|P10220|LTP_HHV11",2935,3,3,"UP000009294",3164
"203","sp|P10220|LTP_HHV11",2936,1,1,"UP000009294",3164
"204","sp|P10220|LTP_HHV11",2936,2,2,"UP000009294",3164
"205","sp|P10220|LTP_HHV11",2936,3,3,"UP000009294",3164
"206","sp|P10220|LTP_HHV11",2937,1,1,"UP000009294",3164
"207","sp|P10220|LTP_HHV11",2937,2,2,"UP000009294",3164
"208","sp|P10220|LTP_HHV11",2937,3,3,"UP000009294",3164
"209","sp|P10220|LTP_HHV11",2938,1,1,"UP000009294",3164
"210","sp|P10220|LTP_HHV11",2938,2,2,"UP000009294",3164
"211","sp|P10220|LTP_HHV11",2938,3,3,"UP000009294",3164
"212","sp|P10220|LTP_HHV11",2939,1,1,"UP000009294",3164
"213","sp|P10220|LTP_HHV11",2939,2,2,"UP000009294",3164
"214","sp|P10220|LTP_HHV11",2939,3,3,"UP000009294",3164
"215","sp|P10220|LTP_HHV11",2940,1,1,"UP000009294",3164
"216","sp|P10220|LTP_HHV11",2940,2,2,"UP000009294",3164
"217","sp|P10220|LTP_HHV11",2940,3,3,"UP000009294",3164
"218","sp|P10220|LTP_HHV11",2941,1,1,"UP000009294",3164
"219","sp|P10220|LTP_HHV11",2941,2,2,"UP000009294",3164
"220","sp|P10220|LTP_HHV11",2941,3,3,"UP000009294",3164
"221","sp|P10220|LTP_HHV11",2942,1,1,"UP000009294",3164
"222","sp|P10220|LTP_HHV11",2942,2,2,"UP000009294",3164
"223","sp|P10220|LTP_HHV11",2942,3,3,"UP000009294",3164
"224","sp|P10220|LTP_HHV11",2943,1,1,"UP000009294",3164
"225","sp|P10220|LTP_HHV11",2943,2,2,"UP000009294",3164
"226","sp|P10220|LTP_HHV11",2943,3,3,"UP000009294",3164
"227","sp|P10220|LTP_HHV11",2944,1,1,"UP000009294",3164
"228","sp|P10220|LTP_HHV11",2944,2,2,"UP000009294",3164
"229","sp|P10220|LTP_HHV11",2944,3,3,"UP000009294",3164
"230","sp|P10220|LTP_HHV11",2945,1,1,"UP000009294",3164
"231","sp|P10220|LTP_HHV11",2945,2,2,"UP000009294",3164
"232","sp|P10220|LTP_HHV11",2945,3,3,"UP000009294",3164
"233","sp|P10220|LTP_HHV11",2946,1,1,"UP000009294",3164
"234","sp|P10220|LTP_HHV11",2946,2,2,"UP000009294",3164
"235","sp|P10220|LTP_HHV11",2946,3,3,"UP000009294",3164
"236","sp|P10220|LTP_HHV11",2947,1,1,"UP000009294",3164
"237","sp|P10220|LTP_HHV11",2947,2,2,"UP000009294",3164
"238","sp|P10220|LTP_HHV11",2947,3,3,"UP000009294",3164
"239","sp|P10220|LTP_HHV11",2948,1,1,"UP000009294",3164
"240","sp|P10220|LTP_HHV11",2948,2,2,"UP000009294",3164
"241","sp|P10220|LTP_HHV11",2948,3,3,"UP000009294",3164
"242","sp|P10220|LTP_HHV11",2949,1,1,"UP000009294",3164
"243","sp|P10220|LTP_HHV11",2949,2,2,"UP000009294",3164
"244","sp|P10220|LTP_HHV11",2949,3,3,"UP000009294",3164
"245","sp|P10220|LTP_HHV11",2950,1,1,"UP000009294",3164
"246","sp|P10220|LTP_HHV11",2950,2,2,"UP000009294",3164
"247","sp|P10220|LTP_HHV11",2950,3,3,"UP000009294",3164
"248","sp|P10220|LTP_HHV11",2951,1,1,"UP000009294",3164
"249","sp|P10220|LTP_HHV11",2951,2,2,"UP000009294",3164
"250","sp|P10220|LTP_HHV11",2951,3,3,"UP000009294",3164
"251","sp|P10220|LTP_HHV11",2952,1,1,"UP000009294",3164
"252","sp|P10220|LTP_HHV11",2952,2,2,"UP000009294",3164
"253","sp|P10220|LTP_HHV11",2952,3,3,"UP000009294",3164
"254","sp|P10220|LTP_HHV11",2953,1,1,"UP000009294",3164
"255","sp|P10220|LTP_HHV11",2953,2,2,"UP000009294",3164
"256","sp|P10220|LTP_HHV11",2953,3,3,"UP000009294",3164
"257","sp|P10220|LTP_HHV11",2954,1,1,"UP000009294",3164
"258","sp|P10220|LTP_HHV11",2954,2,2,"UP000009294",3164
"259","sp|P10220|LTP_HHV11",2954,3,3,"UP000009294",3164
"260","sp|P10220|LTP_HHV11",2955,1,1,"UP000009294",3164
"261","sp|P10220|LTP_HHV11",2955,2,2,"UP000009294",3164
"262","sp|P10220|LTP_HHV11",2955,3,3,"UP000009294",3164
"263","sp|P10220|LTP_HHV11",2956,1,1,"UP000009294",3164
"264","sp|P10220|LTP_HHV11",2956,2,2,"UP000009294",3164
"265","sp|P10220|LTP_HHV11",2956,3,3,"UP000009294",3164
"266","sp|P10220|LTP_HHV11",2957,1,1,"UP000009294",3164
"267","sp|P10220|LTP_HHV11",2957,2,2,"UP000009294",3164
"268","sp|P10220|LTP_HHV11",2957,3,3,"UP000009294",3164
"269","sp|P10220|LTP_HHV11",2958,1,1,"UP000009294",3164
"270","sp|P10220|LTP_HHV11",2958,2,2,"UP000009294",3164
"271","sp|P10220|LTP_HHV11",2958,3,3,"UP000009294",3164
"272","sp|P10220|LTP_HHV11",2959,1,1,"UP000009294",3164
"273","sp|P10220|LTP_HHV11",2959,2,2,"UP000009294",3164
"274","sp|P10220|LTP_HHV11",2959,3,3,"UP000009294",3164
"275","sp|P10220|LTP_HHV11",2960,1,1,"UP000009294",3164
"276","sp|P10220|LTP_HHV11",2960,2,2,"UP000009294",3164
"277","sp|P10220|LTP_HHV11",2960,3,3,"UP000009294",3164
"278","sp|P10220|LTP_HHV11",2961,1,1,"UP000009294",3164
"279","sp|P10220|LTP_HHV11",2961,2,2,"UP000009294",3164
"280","sp|P10220|LTP_HHV11",2961,3,3,"UP000009294",3164
"281","sp|P10220|LTP_HHV11",2962,1,1,"UP000009294",3164
"282","sp|P10220|LTP_HHV11",2962,2,2,"UP000009294",3164
"283","sp|P10220|LTP_HHV11",2962,3,3,"UP000009294",3164
"284","sp|P10220|LTP_HHV11",2963,1,1,"UP000009294",3164
"285","sp|P10220|LTP_HHV11",2963,2,2,"UP000009294",3164
"286","sp|P10220|LTP_HHV11",2963,3,3,"UP000009294",3164
"287","sp|P10220|LTP_HHV11",2964,2,2,"UP000009294",3164
"288","sp|P10220|LTP_HHV11",2964,3,1,"UP000009294",3164
"289","sp|P10220|LTP_HHV11",2965,3,2,"UP000009294",3164
"290","sp|P10220|LTP_HHV11",2966,3,1,"UP000009294",3164
"291","sp|Q9QR71|LANA1_HHV8P",343,3,1,"UP000000942",1129
"292","sp|Q9QR71|LANA1_HHV8P",347,3,1,"UP000000942",1129
"293","sp|Q9QR71|LANA1_HHV8P",351,3,1,"UP000000942",1129
"294","sp|Q9QR71|LANA1_HHV8P",359,3,1,"UP000000942",1129
"295","sp|Q9QR71|LANA1_HHV8P",363,3,1,"UP000000942",1129
"296","sp|Q9QR71|LANA1_HHV8P",366,3,3,"UP000000942",1129
"297","sp|Q9QR71|LANA1_HHV8P",367,3,4,"UP000000942",1129
"298","sp|Q9QR71|LANA1_HHV8P",368,3,1,"UP000000942",1129
"299","sp|Q9QR71|LANA1_HHV8P",369,3,2,"UP000000942",1129
"300","sp|Q9QR71|LANA1_HHV8P",370,3,10,"UP000000942",1129
"301","sp|Q9QR71|LANA1_HHV8P",371,3,10,"UP000000942",1129
"302","sp|Q9QR71|LANA1_HHV8P",372,3,9,"UP000000942",1129
"303","sp|Q9QR71|LANA1_HHV8P",373,3,11,"UP000000942",1129
"304","sp|Q9QR71|LANA1_HHV8P",374,3,11,"UP000000942",1129
"305","sp|Q9QR71|LANA1_HHV8P",375,3,8,"UP000000942",1129
"306","sp|Q9QR71|LANA1_HHV8P",376,3,9,"UP000000942",1129
"307","sp|Q9QR71|LANA1_HHV8P",377,3,2,"UP000000942",1129
"308","sp|Q9QR71|LANA1_HHV8P",378,3,5,"UP000000942",1129
"309","sp|Q9QR71|LANA1_HHV8P",380,3,1,"UP000000942",1129
"310","sp|Q9QR71|LANA1_HHV8P",381,3,1,"UP000000942",1129
"311","sp|Q9QR71|LANA1_HHV8P",382,3,2,"UP000000942",1129
"312","tr|Q98318|Q98318_MCV1",108,3,1,"UP000000869",354
"313","tr|Q98318|Q98318_MCV1",109,3,1,"UP000000869",354
"314","tr|Q8V4V0|Q8V4V0_MONPZ",365,3,1,"UP000101269",520
"315","tr|Q8V4V0|Q8V4V0_MONPZ",366,3,2,"UP000101269",520
"316","tr|Q8V4V0|Q8V4V0_MONPZ",368,3,1,"UP000101269",520
"317","tr|Q8V4V0|Q8V4V0_MONPZ",369,3,1,"UP000101269",520
"318","tr|Q8V4V0|Q8V4V0_MONPZ",370,3,1,"UP000101269",520
"319","tr|Q8V4V0|Q8V4V0_MONPZ",371,3,3,"UP000101269",520
"320","tr|Q8V4V0|Q8V4V0_MONPZ",372,2,1,"UP000101269",520
"321","tr|Q8V4V0|Q8V4V0_MONPZ",372,3,3,"UP000101269",520
"322","tr|Q8V4V0|Q8V4V0_MONPZ",373,2,2,"UP000101269",520
"323","tr|Q8V4V0|Q8V4V0_MONPZ",373,3,4,"UP000101269",520
"324","tr|Q8V515|Q8V515_MONPZ",272,3,1,"UP000101269",771
"325","tr|Q8V515|Q8V515_MONPZ",273,2,1,"UP000101269",771
"326","tr|Q8V515|Q8V515_MONPZ",274,1,1,"UP000101269",771
"327","tr|Q8V515|Q8V515_MONPZ",692,2,1,"UP000101269",771
"328","tr|Q8V515|Q8V515_MONPZ",693,2,1,"UP000101269",771
"329","tr|Q8V515|Q8V515_MONPZ",707,3,1,"UP000101269",771
"330","tr|Q8V515|Q8V515_MONPZ",708,3,1,"UP000101269",771
"331","tr|Q8V515|Q8V515_MONPZ",709,3,1,"UP000101269",771
"332","tr|Q8V515|Q8V515_MONPZ",729,3,1,"UP000101269",771
"333","tr|Q8V515|Q8V515_MONPZ",730,3,1,"UP000101269",771
"334","tr|Q8V515|Q8V515_MONPZ",731,3,1,"UP000101269",771
"335","tr|Q8V515|Q8V515_MONPZ",732,3,1,"UP000101269",771
"336","tr|Q8V515|Q8V515_MONPZ",733,3,1,"UP000101269",771
"337","tr|Q8V544|Q8V544_MONPZ",73,3,1,"UP000101269",319
"338","tr|Q8V544|Q8V544_MONPZ",74,3,1,"UP000101269",319
"339","tr|Q8V544|Q8V544_MONPZ",121,3,1,"UP000101269",319
"340","tr|Q8V544|Q8V544_MONPZ",122,3,1,"UP000101269",319
"341","tr|Q8V544|Q8V544_MONPZ",129,2,1,"UP000101269",319
"342","tr|Q8V544|Q8V544_MONPZ",130,3,1,"UP000101269",319
"343","sp|P11158|RIR2_VACCW",73,3,1,"UP000000344",319
"344","sp|P11158|RIR2_VACCW",74,3,1,"UP000000344",319
"345","sp|P11158|RIR2_VACCW",121,3,1,"UP000000344",319
"346","sp|P11158|RIR2_VACCW",122,3,1,"UP000000344",319
"347","sp|P11158|RIR2_VACCW",129,2,1,"UP000000344",319
"348","sp|P11158|RIR2_VACCW",130,3,1,"UP000000344",319
"349","sp|P12848|RIR1_VACCW",272,3,1,"UP000000344",771
"350","sp|P12848|RIR1_VACCW",273,2,1,"UP000000344",771
"351","sp|P12848|RIR1_VACCW",274,1,1,"UP000000344",771
"352","sp|P12848|RIR1_VACCW",525,2,1,"UP000000344",771
"353","sp|P12848|RIR1_VACCW",526,1,1,"UP000000344",771
"354","sp|P12848|RIR1_VACCW",527,2,1,"UP000000344",771
"355","sp|P12848|RIR1_VACCW",692,2,1,"UP000000344",771
"356","sp|P12848|RIR1_VACCW",693,2,1,"UP000000344",771
"357","sp|P12848|RIR1_VACCW",707,3,1,"UP000000344",771
"358","sp|P12848|RIR1_VACCW",708,3,1,"UP000000344",771
"359","sp|P12848|RIR1_VACCW",709,3,1,"UP000000344",771
"360","sp|P12848|RIR1_VACCW",729,3,1,"UP000000344",771
"361","sp|P12848|RIR1_VACCW",730,3,1,"UP000000344",771
"362","sp|P12848|RIR1_VACCW",731,3,1,"UP000000344",771
"363","sp|P12848|RIR1_VACCW",732,3,1,"UP000000344",771
"364","sp|P12848|RIR1_VACCW",733,3,1,"UP000000344",771
"365","sp|P0DSS7|RIR2_VAR67",73,3,1,"UP000002060",319
"366","sp|P0DSS7|RIR2_VAR67",74,3,1,"UP000002060",319
"367","sp|P0DSS7|RIR2_VAR67",121,3,1,"UP000002060",319
"368","sp|P0DSS7|RIR2_VAR67",122,3,1,"UP000002060",319
"369","sp|P0DSS7|RIR2_VAR67",129,2,1,"UP000002060",319
"370","sp|P0DSS7|RIR2_VAR67",130,3,1,"UP000002060",319
"371","sp|P0DSV1|RIR1_VAR67",272,3,1,"UP000002060",771
"372","sp|P0DSV1|RIR1_VAR67",273,2,1,"UP000002060",771
"373","sp|P0DSV1|RIR1_VAR67",274,1,1,"UP000002060",771
"374","sp|P0DSV1|RIR1_VAR67",525,2,1,"UP000002060",771
"375","sp|P0DSV1|RIR1_VAR67",526,1,1,"UP000002060",771
"376","sp|P0DSV1|RIR1_VAR67",527,2,1,"UP000002060",771
"377","sp|P0DSV1|RIR1_VAR67",692,2,1,"UP000002060",771
"378","sp|P0DSV1|RIR1_VAR67",693,2,1,"UP000002060",771
"379","sp|P0DSV1|RIR1_VAR67",707,3,1,"UP000002060",771
"380","sp|P0DSV1|RIR1_VAR67",708,3,1,"UP000002060",771
"381","sp|P0DSV1|RIR1_VAR67",709,3,1,"UP000002060",771
"382","sp|P0DSV1|RIR1_VAR67",729,3,1,"UP000002060",771
"383","sp|P0DSV1|RIR1_VAR67",730,3,1,"UP000002060",771
"384","sp|P0DSV1|RIR1_VAR67",731,3,1,"UP000002060",771
"385","sp|P0DSV1|RIR1_VAR67",732,3,1,"UP000002060",771
"386","sp|P0DSV1|RIR1_VAR67",733,3,1,"UP000002060",771
"387","tr|Q6TUZ2|Q6TUZ2_YMTV5",236,3,1,"UP000008596",325
"388","sp|Q9DHU2|RIR2_YLDV",235,3,1,"UP000136581",325
"389","sp|Q9DHU2|RIR2_YLDV",236,3,1,"UP000136581",325
